{"dual_slider": {"hue": [0, 149], "saturation": [0, 152], "value": [155, 163], "target": ["30", "203"], "fullness": [30, 200], "aspect": [30, 200]}, "slider": {"exposure": "0", "white_balance": "409", "erosion_steps": "483", "dilation_steps": "178"}, "camera": {"eyedropper": [444.933349609375, 245.60000610351562], "include_pixel": [128.70001220703125, 203.9666748046875], "ignore_pixel": [118.70001220703125, 202.9666748046875]}}